Cuerpo;Convocatoria anterior;Tema anterior;Convocatoria siguiente;Tema siguiente
1166,2022,1,2023,1
1166,2022,2,2023,2
1166,2022,3,2023,3
1166,2022,4,2023,4
1166,2022,5,2023,5
1166,2022,6,2023,6
1166,2022,7,2023,7
1166,2022,8,2023,8
1166,2022,9,2023,9
1166,2022,10,2023,10
1166,2022,11,2023,11
1166,2022,12,2023,12
1166,2022,13,2023,13
1166,2022,14,2023,14
1166,2022,15,2023,15
1166,2022,16,2023,16
1166,2022,17,2023,17
1166,2022,18,2023,18
1166,2022,20,2023,19
1166,2022,21,2023,20
1166,2022,22,2023,21
1166,2022,23,2023,22
1166,2022,24,2023,23
1166,2022,25,2023,24
1166,2022,26,2023,25
1166,2022,28,2023,26
1166,2022,29,2023,27
1166,2022,30,2023,28
1166,2022,31,2023,29
1166,2022,32,2023,30
1166,2022,33,2023,31
1166,2022,34,2023,32
1166,2022,35,2023,33
1166,2022,36,2023,34
1166,2022,37,2023,35
1166,2022,38,2023,36
1166,2022,39,2023,37
1166,2022,40,2023,38
1166,2022,41,2023,39
1166,2022,42,2023,40
1166,2022,43,2023,41
1166,2022,44,2023,42
1166,2022,45,2023,43
1166,2022,46,2023,44
1166,2022,47,2023,45
1166,2022,48,2023,46
1166,2022,49,2023,47
1166,2022,50,2023,48
1166,2022,51,2023,49
1166,2022,52,2023,50
1166,2022,53,2023,51
1166,2022,54,2023,52
1166,2022,55,2023,53
1166,2022,56,2023,54
1166,2022,57,2023,55
1166,2022,58,2023,56
1166,2022,59,2023,57
1166,2022,60,2023,58
1166,2022,61,2023,59
1166,2022,62,2023,60
1166,2022,63,2023,61
1166,2022,64,2023,62
1166,2022,65,2023,63
1166,2022,66,2023,64
1166,2022,67,2023,65
1166,2022,68,2023,66
1166,2022,69,2023,67
1166,2022,70,2023,68
1166,2022,71,2023,69
1166,2022,72,2023,70
1166,2022,73,2023,71
1166,2022,74,2023,72
1166,2022,75,2023,73
1166,2022,76,2023,74
1166,2022,77,2023,75
1166,2022,78,2023,76
1166,2022,79,2023,77
1166,2022,80,2023,78
1166,2022,81,2023,79
1166,2022,82,2023,80
1166,2022,83,2023,81
1166,2022,84,2023,82
1166,2022,85,2023,83
1166,2022,86,2023,84
1166,2022,87,2023,85
1166,2022,88,2023,86
1166,2022,89,2023,87
1166,2022,90,2023,88
1166,2022,91,2023,89
1166,2022,92,2023,90
1166,2022,93,2023,91
1166,2022,94,2023,92
1166,2022,95,2023,93
1166,2022,96,2023,94
1166,2022,97,2023,95
1166,2022,98,2023,96
1166,2022,99,2023,97
1166,2022,100,2023,98
1166,2022,101,2023,99
1166,2022,102,2023,100
1166,2022,103,2023,101
1166,2022,104,2023,102
1166,2022,105,2023,103
1166,2022,106,2023,104
1166,2022,107,2023,105
1166,2022,108,2023,106
1166,2022,109,2023,107
1166,2022,110,2023,108
1166,2022,111,2023,109
1166,2022,112,2023,110
1166,2022,113,2023,111
1166,2022,114,2023,112
1166,2022,115,2023,113
1166,2022,116,2023,114
1166,2022,117,2023,115
1166,2022,118,2023,116
1166,2022,119,2023,117
1166,2022,120,2023,118
1166,2022,121,2023,119
1166,2022,122,2023,120
1166,2022,123,2023,121
1166,2022,124,2023,122
1166,2022,125,2023,123
1166,2022,126,2023,124
1166,2022,127,2023,125
1166,2022,128,2023,126
1166,2022,129,2023,127
1166,2022,130,2023,128
1166,2022,131,2023,129
1166,2022,132,2023,130
1166,2022,133,2023,131