Cuerpo,Convocatoria anterior,Tema anterior,Convocatoria siguiente,Tema siguiente
1166,2008,1,2009,1
1166,2008,2,2009,2
1166,2008,3,2009,3
1166,2008,4,2009,4
1166,2008,5,2009,5
1166,2008,6,2009,6
1166,2008,7,2009,7
1166,2008,8,2009,8
1166,2008,9,2009,9
1166,2008,10,2009,10
1166,2008,11,2009,11
1166,2008,12,2009,12
1166,2008,13,2009,13
1166,2008,14,2009,14
1166,2008,15,2009,15
1166,2008,16,2009,16
1166,2008,17,2009,17
1166,2008,18,2009,18
1166,2008,19,2009,19
1166,2008,20,2009,20
1166,2008,21,2009,21
1166,2008,22,2009,22
1166,2008,23,2009,23
1166,2008,24,2009,24
1166,2008,25,2009,25
1166,2008,26,2009,26
1166,2008,27,2009,27
1166,2008,28,2009,28
1166,2008,29,2009,29
1166,2008,30,2009,30
1166,2008,31,2009,31
1166,2008,32,2009,32
1166,2008,33,2009,33
1166,2008,34,2009,34
1166,2008,35,2009,35
1166,2008,36,2009,36
1166,2008,37,2009,37
1166,2008,38,2009,38
1166,2008,39,2009,39
1166,2008,40,2009,40
1166,2008,41,2009,41
1166,2008,42,2009,42
1166,2008,43,2009,43
1166,2008,44,2009,44
1166,2008,45,2009,45
1166,2008,46,2009,46
1166,2008,47,2009,47
1166,2008,48,2009,48
1166,2008,49,2009,49
1166,2008,50,2009,50
1166,2008,51,2009,51
1166,2008,52,2009,52
1166,2008,53,2009,53
1166,2008,54,2009,54
1166,2008,55,2009,55
1166,2008,56,2009,56
1166,2008,57,2009,57
1166,2008,58,2009,58
1166,2008,59,2009,59
1166,2008,60,2009,60
1166,2008,61,2009,61
1166,2008,62,2009,62
1166,2008,63,2009,63
1166,2008,64,2009,64
1166,2008,65,2009,65
1166,2008,66,2009,66
1166,2008,67,2009,67
1166,2008,68,2009,68
1166,2008,69,2009,69
1166,2008,70,2009,70
1166,2008,71,2009,71
1166,2008,72,2009,72
1166,2008,73,2009,73
1166,2008,74,2009,74
1166,2008,75,2009,75
1166,2008,76,2009,76
1166,2008,77,2009,77
1166,2008,78,2009,78
1166,2008,79,2009,79
1166,2008,80,2009,80
1166,2008,81,2009,81
1166,2008,82,2009,82
1166,2008,83,2009,83
1166,2008,84,2009,84
1166,2008,85,2009,85
1166,2008,86,2009,86
1166,2008,87,2009,87
1166,2008,88,2009,88
1166,2008,89,2009,89
1166,2008,90,2009,90
1166,2008,91,2009,91
1166,2008,92,2009,92
1166,2008,93,2009,93
1166,2008,94,2009,94
1166,2008,95,2009,95
1166,2008,96,2009,96
1166,2008,97,2009,97
1166,2008,98,2009,98
1166,2008,99,2009,99
1166,2008,100,2009,100
1166,2008,101,2009,101
1166,2008,102,2009,102
1166,2008,103,2009,103
1166,2008,104,2009,104
1166,2008,105,2009,105
1166,2008,106,2009,106
1166,2008,107,2009,107
1166,2008,108,2009,108
1166,2008,109,2009,109
1166,2008,110,2009,110
1166,2008,111,2009,111
1166,2008,112,2009,112
1166,2008,113,2009,113
1166,2008,114,2009,114
1166,2008,115,2009,115
1166,2008,116,2009,116
1166,2008,117,2009,117
1166,2008,118,2009,118
1166,2008,119,2009,119
1166,2008,120,2009,120
1166,2009,1,2010,1
1166,2009,2,2010,2
1166,2009,3,2010,3
1166,2009,4,2010,4
1166,2009,5,2010,5
1166,2009,6,2010,6
1166,2009,7,2010,7
1166,2009,8,2010,8
1166,2009,9,2010,9
1166,2009,10,2010,10
1166,2009,11,2010,11
1166,2009,12,2010,12
1166,2009,13,2010,13
1166,2009,14,2010,14
1166,2009,15,2010,15
1166,2009,16,2010,16
1166,2009,17,2010,17
1166,2009,18,2010,18
1166,2009,19,2010,19
1166,2009,20,2010,20
1166,2009,21,2010,21
1166,2009,22,2010,22
1166,2009,23,2010,23
1166,2009,24,2010,24
1166,2009,25,2010,25
1166,2009,26,2010,26
1166,2009,27,2010,27
1166,2009,28,2010,28
1166,2009,29,2010,29
1166,2009,30,2010,30
1166,2009,31,2010,31
1166,2009,32,2010,32
1166,2009,33,2010,33
1166,2009,34,2010,34
1166,2009,35,2010,35
1166,2009,36,2010,36
1166,2009,37,2010,37
1166,2009,38,2010,38
1166,2009,39,2010,39
1166,2009,40,2010,40
1166,2009,41,2010,41
1166,2009,42,2010,42
1166,2009,43,2010,43
1166,2009,44,2010,44
1166,2009,45,2010,45
1166,2009,46,2010,46
1166,2009,47,2010,47
1166,2009,48,2010,48
1166,2009,49,2010,49
1166,2009,50,2010,50
1166,2009,51,2010,51
1166,2009,52,2010,52
1166,2009,53,2010,53
1166,2009,54,2010,54
1166,2009,55,2010,55
1166,2009,56,2010,56
1166,2009,57,2010,57
1166,2009,58,2010,58
1166,2009,59,2010,59
1166,2009,60,2010,60
1166,2009,61,2010,61
1166,2009,62,2010,62
1166,2009,63,2010,63
1166,2009,64,2010,64
1166,2009,65,2010,65
1166,2009,66,2010,66
1166,2009,67,2010,67
1166,2009,68,2010,68
1166,2009,69,2010,69
1166,2009,70,2010,70
1166,2009,71,2010,71
1166,2009,72,2010,72
1166,2009,73,2010,73
1166,2009,74,2010,74
1166,2009,75,2010,75
1166,2009,76,2010,76
1166,2009,77,2010,77
1166,2009,78,2010,78
1166,2009,79,2010,79
1166,2009,80,2010,80
1166,2009,81,2010,81
1166,2009,82,2010,82
1166,2009,83,2010,83
1166,2009,84,2010,84
1166,2009,85,2010,85
1166,2009,86,2010,86
1166,2009,87,2010,87
1166,2009,88,2010,88
1166,2009,89,2010,89
1166,2009,90,2010,90
1166,2009,91,2010,91
1166,2009,92,2010,92
1166,2009,93,2010,93
1166,2009,94,2010,94
1166,2009,95,2010,95
1166,2009,96,2010,96
1166,2009,97,2010,97
1166,2009,98,2010,98
1166,2009,99,2010,99
1166,2009,100,2010,100
1166,2009,101,2010,101
1166,2009,102,2010,102
1166,2009,103,2010,103
1166,2009,104,2010,104
1166,2009,105,2010,105
1166,2009,106,2010,106
1166,2009,107,2010,107
1166,2009,108,2010,108
1166,2009,109,2010,109
1166,2009,110,2010,110
1166,2009,111,2010,111
1166,2009,112,2010,112
1166,2009,113,2010,113
1166,2009,114,2010,114
1166,2009,115,2010,115
1166,2009,116,2010,116
1166,2009,117,2010,117
1166,2009,118,2010,118
1166,2009,119,2010,119
1166,2009,120,2010,120
1166,2010,1,2011,1
1166,2010,2,2011,2
1166,2010,3,2011,3
1166,2010,4,2011,4
1166,2010,5,2011,5
1166,2010,6,2011,6
1166,2010,7,2011,7
1166,2010,8,2011,8
1166,2010,9,2011,9
1166,2010,10,2011,10
1166,2010,11,2011,11
1166,2010,12,2011,12
1166,2010,13,2011,13
1166,2010,14,2011,14
1166,2010,15,2011,15
1166,2010,16,2011,16
1166,2010,17,2011,17
1166,2010,18,2011,18
1166,2010,19,2011,19
1166,2010,20,2011,20
1166,2010,21,2011,21
1166,2010,22,2011,22
1166,2010,23,2011,23
1166,2010,24,2011,24
1166,2010,25,2011,25
1166,2010,26,2011,26
1166,2010,27,2011,27
1166,2010,28,2011,28
1166,2010,29,2011,29
1166,2010,30,2011,30
1166,2010,31,2011,31
1166,2010,32,2011,32
1166,2010,33,2011,33
1166,2010,34,2011,34
1166,2010,35,2011,35
1166,2010,36,2011,36
1166,2010,37,2011,37
1166,2010,38,2011,38
1166,2010,39,2011,39
1166,2010,40,2011,40
1166,2010,41,2011,41
1166,2010,42,2011,42
1166,2010,43,2011,43
1166,2010,44,2011,44
1166,2010,45,2011,45
1166,2010,46,2011,46
1166,2010,47,2011,47
1166,2010,48,2011,48
1166,2010,49,2011,49
1166,2010,50,2011,50
1166,2010,51,2011,51
1166,2010,52,2011,52
1166,2010,53,2011,53
1166,2010,54,2011,54
1166,2010,55,2011,55
1166,2010,56,2011,56
1166,2010,57,2011,57
1166,2010,58,2011,58
1166,2010,59,2011,59
1166,2010,60,2011,60
1166,2010,61,2011,61
1166,2010,62,2011,62
1166,2010,63,2011,63
1166,2010,64,2011,64
1166,2010,65,2011,65
1166,2010,66,2011,66
1166,2010,67,2011,67
1166,2010,68,2011,68
1166,2010,69,2011,69
1166,2010,70,2011,70
1166,2010,71,2011,71
1166,2010,72,2011,72
1166,2010,73,2011,73
1166,2010,74,2011,74
1166,2010,75,2011,75
1166,2010,76,2011,76
1166,2010,77,2011,77
1166,2010,78,2011,78
1166,2010,79,2011,79
1166,2010,80,2011,80
1166,2010,81,2011,81
1166,2010,82,2011,82
1166,2010,83,2011,83
1166,2010,84,2011,84
1166,2010,85,2011,85
1166,2010,86,2011,86
1166,2010,87,2011,87
1166,2010,88,2011,88
1166,2010,89,2011,89
1166,2010,90,2011,90
1166,2010,91,2011,91
1166,2010,92,2011,92
1166,2010,93,2011,93
1166,2010,94,2011,94
1166,2010,95,2011,95
1166,2010,96,2011,96
1166,2010,97,2011,97
1166,2010,98,2011,98
1166,2010,99,2011,99
1166,2010,100,2011,100
1166,2010,101,2011,101
1166,2010,102,2011,102
1166,2010,103,2011,103
1166,2010,104,2011,104
1166,2010,105,2011,105
1166,2010,106,2011,106
1166,2010,107,2011,107
1166,2010,108,2011,108
1166,2010,109,2011,109
1166,2010,110,2011,110
1166,2010,111,2011,111
1166,2010,112,2011,112
1166,2010,113,2011,113
1166,2010,114,2011,114
1166,2010,115,2011,115
1166,2010,116,2011,116
1166,2010,117,2011,117
1166,2010,118,2011,118
1166,2010,119,2011,119
1166,2010,120,2011,120
1166,2011,1,2013,1
1166,2011,2,2013,2
1166,2011,3,2013,3
1166,2011,4,2013,4
1166,2011,5,2013,5
1166,2011,6,2013,6
1166,2011,7,2013,7
1166,2011,8,2013,8
1166,2011,9,2013,9
1166,2011,10,2013,10
1166,2011,11,2013,11
1166,2011,12,2013,12
1166,2011,13,2013,13
1166,2011,14,2013,14
1166,2011,15,2013,15
1166,2011,16,2013,16
1166,2011,17,2013,17
1166,2011,18,2013,18
1166,2011,19,2013,19
1166,2011,20,2013,20
1166,2011,21,2013,21
1166,2011,22,2013,22
1166,2011,23,2013,23
1166,2011,24,2013,24
1166,2011,25,2013,25
1166,2011,26,2013,26
1166,2011,27,2013,27
1166,2011,28,2013,28
1166,2011,29,2013,29
1166,2011,30,2013,30
1166,2011,31,2013,31
1166,2011,32,2013,32
1166,2011,33,2013,33
1166,2011,34,2013,34
1166,2011,35,2013,35
1166,2011,36,2013,36
1166,2011,37,2013,37
1166,2011,38,2013,38
1166,2011,39,2013,39
1166,2011,40,2013,40
1166,2011,41,2013,41
1166,2011,42,2013,42
1166,2011,43,2013,43
1166,2011,44,2013,44
1166,2011,45,2013,45
1166,2011,46,2013,46
1166,2011,47,2013,47
1166,2011,48,2013,48
1166,2011,49,2013,49
1166,2011,50,2013,50
1166,2011,51,2013,51
1166,2011,52,2013,52
1166,2011,53,2013,53
1166,2011,54,2013,54
1166,2011,55,2013,55
1166,2011,56,2013,56
1166,2011,57,2013,57
1166,2011,58,2013,58
1166,2011,59,2013,59
1166,2011,60,2013,60
1166,2011,61,2013,61
1166,2011,62,2013,62
1166,2011,63,2013,63
1166,2011,64,2013,64
1166,2011,65,2013,65
1166,2011,66,2013,66
1166,2011,67,2013,67
1166,2011,68,2013,68
1166,2011,69,2013,69
1166,2011,70,2013,70
1166,2011,71,2013,71
1166,2011,72,2013,72
1166,2011,73,2013,73
1166,2011,74,2013,74
1166,2011,75,2013,75
1166,2011,76,2013,76
1166,2011,77,2013,77
1166,2011,78,2013,78
1166,2011,79,2013,79
1166,2011,80,2013,80
1166,2011,81,2013,81
1166,2011,82,2013,82
1166,2011,83,2013,83
1166,2011,84,2013,84
1166,2011,85,2013,85
1166,2011,86,2013,86
1166,2011,87,2013,87
1166,2011,88,2013,88
1166,2011,89,2013,89
1166,2011,90,2013,90
1166,2011,91,2013,91
1166,2011,92,2013,92
1166,2011,93,2013,93
1166,2011,94,2013,94
1166,2011,95,2013,95
1166,2011,96,2013,96
1166,2011,97,2013,97
1166,2011,98,2013,98
1166,2011,99,2013,99
1166,2011,100,2013,100
1166,2011,101,2013,101
1166,2011,102,2013,102
1166,2011,103,2013,103
1166,2011,104,2013,104
1166,2011,105,2013,105
1166,2011,106,2013,106
1166,2011,107,2013,107
1166,2011,108,2013,108
1166,2011,109,2013,109
1166,2011,110,2013,110
1166,2011,111,2013,111
1166,2011,112,2013,112
1166,2011,113,2013,113
1166,2011,114,2013,114
1166,2011,115,2013,115
1166,2011,116,2013,116
1166,2011,117,2013,117
1166,2011,118,2013,118
1166,2011,119,2013,119
1166,2011,120,2013,120
1166,2013,1,2014,1
1166,2013,2,2014,2
1166,2013,3,2014,3
1166,2013,4,2014,4
1166,2013,5,2014,5
1166,2013,6,2014,6
1166,2013,7,2014,7
1166,2013,8,2014,8
1166,2013,9,2014,9
1166,2013,10,2014,10
1166,2013,11,2014,11
1166,2013,12,2014,12
1166,2013,13,2014,13
1166,2013,14,2014,14
1166,2013,15,2014,15
1166,2013,16,2014,16
1166,2013,17,2014,17
1166,2013,18,2014,18
1166,2013,19,2014,19
1166,2013,20,2014,20
1166,2013,21,2014,21
1166,2013,22,2014,22
1166,2013,23,2014,23
1166,2013,24,2014,24
1166,2013,25,2014,25
1166,2013,26,2014,26
1166,2013,27,2014,27
1166,2013,28,2014,28
1166,2013,29,2014,29
1166,2013,30,2014,30
1166,2013,31,2014,31
1166,2013,32,2014,32
1166,2013,33,2014,33
1166,2013,34,2014,34
1166,2013,35,2014,35
1166,2013,36,2014,36
1166,2013,37,2014,37
1166,2013,38,2014,38
1166,2013,39,2014,39
1166,2013,40,2014,40
1166,2013,41,2014,41
1166,2013,42,2014,42
1166,2013,43,2014,43
1166,2013,44,2014,44
1166,2013,45,2014,45
1166,2013,46,2014,46
1166,2013,47,2014,47
1166,2013,48,2014,48
1166,2013,49,2014,49
1166,2013,50,2014,50
1166,2013,51,2014,51
1166,2013,52,2014,52
1166,2013,53,2014,53
1166,2013,54,2014,54
1166,2013,55,2014,55
1166,2013,56,2014,56
1166,2013,57,2014,57
1166,2013,58,2014,58
1166,2013,59,2014,59
1166,2013,60,2014,60
1166,2013,61,2014,61
1166,2013,62,2014,62
1166,2013,63,2014,63
1166,2013,64,2014,64
1166,2013,65,2014,65
1166,2013,66,2014,66
1166,2013,67,2014,67
1166,2013,68,2014,68
1166,2013,69,2014,69
1166,2013,70,2014,70
1166,2013,71,2014,71
1166,2013,72,2014,72
1166,2013,73,2014,73
1166,2013,74,2014,74
1166,2013,75,2014,75
1166,2013,76,2014,76
1166,2013,77,2014,77
1166,2013,78,2014,78
1166,2013,79,2014,79
1166,2013,80,2014,80
1166,2013,81,2014,81
1166,2013,82,2014,82
1166,2013,83,2014,83
1166,2013,84,2014,84
1166,2013,85,2014,85
1166,2013,86,2014,86
1166,2013,87,2014,87
1166,2013,88,2014,88
1166,2013,89,2014,89
1166,2013,90,2014,90
1166,2013,91,2014,91
1166,2013,92,2014,92
1166,2013,93,2014,93
1166,2013,94,2014,94
1166,2013,95,2014,95
1166,2013,96,2014,96
1166,2013,97,2014,97
1166,2013,98,2014,98
1166,2013,99,2014,99
1166,2013,100,2014,100
1166,2013,101,2014,101
1166,2013,102,2014,102
1166,2013,103,2014,103
1166,2013,104,2014,104
1166,2013,105,2014,105
1166,2013,106,2014,106
1166,2013,107,2014,107
1166,2013,108,2014,108
1166,2013,109,2014,109
1166,2013,110,2014,110
1166,2013,111,2014,111
1166,2013,112,2014,112
1166,2013,113,2014,113
1166,2013,114,2014,114
1166,2013,115,2014,115
1166,2013,116,2014,116
1166,2013,117,2014,117
1166,2013,118,2014,118
1166,2013,119,2014,119
1166,2013,120,2014,120
1166,2014,1,2015,1
1166,2014,2,2015,2
1166,2014,3,2015,3
1166,2014,4,2015,4
1166,2014,5,2015,5
1166,2014,6,2015,6
1166,2014,7,2015,7
1166,2014,8,2015,8
1166,2014,9,2015,9
1166,2014,10,2015,10
1166,2014,11,2015,11
1166,2014,12,2015,12
1166,2014,13,2015,13
1166,2014,14,2015,14
1166,2014,15,2015,15
1166,2014,16,2015,16
1166,2014,17,2015,17
1166,2014,18,2015,18
1166,2014,19,2015,19
1166,2014,20,2015,20
1166,2014,21,2015,21
1166,2014,22,2015,22
1166,2014,23,2015,23
1166,2014,24,2015,24
1166,2014,25,2015,25
1166,2014,26,2015,26
1166,2014,27,2015,27
1166,2014,28,2015,28
1166,2014,29,2015,29
1166,2014,30,2015,30
1166,2014,31,2015,31
1166,2014,32,2015,32
1166,2014,33,2015,33
1166,2014,34,2015,34
1166,2014,35,2015,35
1166,2014,36,2015,36
1166,2014,37,2015,37
1166,2014,38,2015,38
1166,2014,39,2015,39
1166,2014,40,2015,40
1166,2014,41,2015,41
1166,2014,42,2015,42
1166,2014,43,2015,43
1166,2014,44,2015,44
1166,2014,45,2015,45
1166,2014,46,2015,46
1166,2014,47,2015,47
1166,2014,48,2015,48
1166,2014,49,2015,49
1166,2014,50,2015,50
1166,2014,51,2015,51
1166,2014,52,2015,52
1166,2014,53,2015,53
1166,2014,54,2015,54
1166,2014,55,2015,55
1166,2014,56,2015,56
1166,2014,57,2015,57
1166,2014,58,2015,58
1166,2014,59,2015,59
1166,2014,60,2015,60
1166,2014,61,2015,61
1166,2014,62,2015,62
1166,2014,63,2015,63
1166,2014,64,2015,64
1166,2014,65,2015,65
1166,2014,66,2015,66
1166,2014,67,2015,67
1166,2014,68,2015,68
1166,2014,69,2015,69
1166,2014,70,2015,70
1166,2014,71,2015,71
1166,2014,72,2015,72
1166,2014,73,2015,73
1166,2014,74,2015,74
1166,2014,75,2015,75
1166,2014,76,2015,76
1166,2014,77,2015,77
1166,2014,78,2015,78
1166,2014,79,2015,79
1166,2014,80,2015,80
1166,2014,81,2015,81
1166,2014,82,2015,82
1166,2014,83,2015,83
1166,2014,84,2015,84
1166,2014,85,2015,85
1166,2014,86,2015,86
1166,2014,87,2015,87
1166,2014,88,2015,88
1166,2014,89,2015,89
1166,2014,90,2015,90
1166,2014,91,2015,91
1166,2014,92,2015,92
1166,2014,93,2015,93
1166,2014,94,2015,94
1166,2014,95,2015,95
1166,2014,96,2015,96
1166,2014,97,2015,97
1166,2014,98,2015,98
1166,2014,99,2015,99
1166,2014,100,2015,100
1166,2014,101,2015,101
1166,2014,102,2015,102
1166,2014,103,2015,103
1166,2014,104,2015,104
1166,2014,105,2015,105
1166,2014,106,2015,106
1166,2014,107,2015,107
1166,2014,108,2015,108
1166,2014,109,2015,109
1166,2014,110,2015,110
1166,2014,111,2015,111
1166,2014,112,2015,112
1166,2014,113,2015,113
1166,2014,114,2015,114
1166,2014,115,2015,115
1166,2014,116,2015,116
1166,2014,117,2015,117
1166,2014,118,2015,118
1166,2014,119,2015,119
1166,2014,120,2015,120
1166,2015,1,2016,1
1166,2015,2,2016,2
1166,2015,3,2016,3
1166,2015,4,2016,4
1166,2015,5,2016,5
1166,2015,6,2016,6
1166,2015,7,2016,7
1166,2015,8,2016,8
1166,2015,9,2016,9
1166,2015,10,2016,10
1166,2015,11,2016,11
1166,2015,12,2016,12
1166,2015,13,2016,13
1166,2015,14,2016,14
1166,2015,15,2016,15
1166,2015,16,2016,17
1166,2015,16,2016,16
1166,2015,17,2016,18
1166,2015,18,2016,19
1166,2015,19,2016,20
1166,2015,20,2016,21
1166,2015,21,2016,24
1166,2015,22,2016,25
1166,2015,23,2016,27
1166,2015,23,2016,26
1166,2015,24,2016,28
1166,2015,25,2016,29
1166,2015,26,2016,30
1166,2015,27,2016,31
1166,2015,28,2016,31
1166,2015,29,2016,35
1166,2015,30,2016,22
1166,2015,31,2016,36
1166,2015,32,2016,36
1166,2015,33,2016,36
1166,2015,34,2016,38
1166,2015,35,2016,39
1166,2015,36,2016,41
1166,2015,38,2016,40
1166,2015,39,2016,42
1166,2015,40,2016,43
1166,2015,41,2016,37
1166,2015,42,2016,48
1166,2015,43,2016,43
1166,2015,43,2016,44
1166,2015,43,2016,46
1166,2015,44,2016,44
1166,2015,45,2016,49
1166,2015,46,2016,50
1166,2015,46,2016,51
1166,2015,47,2016,52
1166,2015,48,2016,53
1166,2015,49,2016,55
1166,2015,50,2016,55
1166,2015,51,2016,55
1166,2015,52,2016,56
1166,2015,53,2016,57
1166,2015,54,2016,57
1166,2015,55,2016,56
1166,2015,56,2016,58
1166,2015,57,2016,60
1166,2015,58,2016,61
1166,2015,59,2016,63
1166,2015,60,2016,64
1166,2015,61,2016,66
1166,2015,62,2016,66
1166,2015,63,2016,67
1166,2015,64,2016,68
1166,2015,65,2016,69
1166,2015,66,2016,70
1166,2015,67,2016,71
1166,2015,68,2016,72
1166,2015,68,2016,73
1166,2015,69,2016,74
1166,2015,70,2016,75
1166,2015,71,2016,125
1166,2015,72,2016,76
1166,2015,73,2016,77
1166,2015,74,2016,78
1166,2015,75,2016,79
1166,2015,75,2016,45
1166,2015,75,2016,120
1166,2015,75,2016,87
1166,2015,76,2016,82
1166,2015,77,2016,83
1166,2015,78,2016,84
1166,2015,79,2016,34
1166,2015,80,2016,85
1166,2015,81,2016,86
1166,2015,82,2016,86
1166,2015,83,2016,89
1166,2015,84,2016,88
1166,2015,85,2016,90
1166,2015,86,2016,91
1166,2015,87,2016,92
1166,2015,88,2016,92
1166,2015,89,2016,94
1166,2015,90,2016,95
1166,2015,91,2016,97
1166,2015,92,2016,98
1166,2015,92,2016,93
1166,2015,93,2016,80
1166,2015,94,2016,81
1166,2015,95,2016,99
1166,2015,96,2016,100
1166,2015,98,2016,101
1166,2015,99,2016,104
1166,2015,100,2016,109
1166,2015,100,2016,105
1166,2015,101,2016,112
1166,2015,102,2016,110
1166,2015,103,2016,114
1166,2015,104,2016,114
1166,2015,105,2016,115
1166,2015,106,2016,116
1166,2015,107,2016,102
1166,2015,107,2016,108
1166,2015,108,2016,117
1166,2015,108,2016,118
1166,2015,109,2016,107
1166,2015,109,2016,106
1166,2015,110,2016,121
1166,2015,111,2016,119
1166,2015,112,2016,103
1166,2015,113,2016,113
1166,2015,114,2016,62
1166,2015,115,2016,62
1166,2015,116,2016,62
1166,2015,114,2016,65
1166,2015,117,2016,122
1166,2015,118,2016,123
1166,2015,119,2016,124
1166,2015,120,2016,125
1166,2016,1,2017,1
1166,2016,2,2017,2
1166,2016,3,2017,3
1166,2016,4,2017,4
1166,2016,5,2017,5
1166,2016,6,2017,5
1166,2016,7,2017,8
1166,2016,8,2017,9
1166,2016,9,2017,10
1166,2016,10,2017,11
1166,2016,11,2017,12
1166,2016,12,2017,14
1166,2016,13,2017,15
1166,2016,14,2017,16
1166,2016,15,2017,17
1166,2016,16,2017,18
1166,2016,17,2017,19
1166,2016,18,2017,20
1166,2016,19,2017,22
1166,2016,20,2017,23
1166,2016,21,2017,24
1166,2016,22,2017,25
1166,2016,23,2017,26
1166,2016,24,2017,28
1166,2016,26,2017,30
1166,2016,27,2017,31
1166,2016,28,2017,32
1166,2016,29,2017,33
1166,2016,30,2017,34
1166,2016,31,2017,35
1166,2016,32,2017,21
1166,2016,33,2017,36
1166,2016,34,2017,37
1166,2016,35,2017,27
1166,2016,36,2017,38
1166,2016,37,2017,39
1166,2016,38,2017,40
1166,2016,39,2017,41
1166,2016,40,2017,42
1166,2016,41,2017,43
1166,2016,42,2017,44
1166,2016,43,2017,45
1166,2016,44,2017,46
1166,2016,45,2017,47
1166,2016,46,2017,48
1166,2016,47,2017,49
1166,2016,48,2017,50
1166,2016,49,2017,52
1166,2016,50,2017,53
1166,2016,51,2017,54
1166,2016,52,2017,55
1166,2016,53,2017,56
1166,2016,54,2017,57
1166,2016,55,2017,58
1166,2016,56,2017,59
1166,2016,57,2017,60
1166,2016,58,2017,61
1166,2016,59,2017,62
1166,2016,60,2017,63
1166,2016,61,2017,64
1166,2016,62,2017,65
1166,2016,63,2017,66
1166,2016,64,2017,67
1166,2016,65,2017,68
1166,2016,66,2017,69
1166,2016,67,2017,70
1166,2016,68,2017,71
1166,2016,69,2017,72
1166,2016,70,2017,73
1166,2016,71,2017,74
1166,2016,72,2017,75
1166,2016,73,2017,76
1166,2016,74,2017,77
1166,2016,75,2017,78
1166,2016,76,2017,79
1166,2016,77,2017,80
1166,2016,78,2017,81
1166,2016,79,2017,82
1166,2016,80,2017,83
1166,2016,81,2017,84
1166,2016,82,2017,85
1166,2016,83,2017,86
1166,2016,84,2017,87
1166,2016,85,2017,88
1166,2016,86,2017,89
1166,2016,87,2017,90
1166,2016,88,2017,91
1166,2016,89,2017,92
1166,2016,90,2017,93
1166,2016,91,2017,94
1166,2016,92,2017,95
1166,2016,93,2017,97
1166,2016,94,2017,98
1166,2016,95,2017,99
1166,2016,96,2017,100
1166,2016,98,2017,102
1166,2016,99,2017,103
1166,2016,100,2017,104
1166,2016,101,2017,105
1166,2016,102,2017,107
1166,2016,103,2017,108
1166,2016,104,2017,109
1166,2016,105,2017,110
1166,2016,106,2017,111
1166,2016,107,2017,112
1166,2016,108,2017,113
1166,2016,109,2017,114
1166,2016,110,2017,115
1166,2016,111,2017,116
1166,2016,112,2017,117
1166,2016,113,2017,118
1166,2016,114,2017,119
1166,2016,115,2017,120
1166,2016,116,2017,121
1166,2016,117,2017,122
1166,2016,118,2017,123
1166,2016,119,2017,124
1166,2016,120,2017,125
1166,2016,121,2017,128
1166,2016,122,2017,129
1166,2016,123,2017,130
1166,2016,124,2017,131
1166,2016,125,2017,132
1166,2017,1,2018,1
1166,2017,2,2018,2
1166,2017,3,2018,3
1166,2017,4,2018,4
1166,2017,5,2018,5
1166,2017,6,2018,6
1166,2017,7,2018,7
1166,2017,8,2018,8
1166,2017,9,2018,9
1166,2017,10,2018,10
1166,2017,11,2018,11
1166,2017,12,2018,12
1166,2017,13,2018,13
1166,2017,14,2018,14
1166,2017,15,2018,15
1166,2017,16,2018,16
1166,2017,17,2018,17
1166,2017,18,2018,18
1166,2017,19,2018,19
1166,2017,20,2018,20
1166,2017,21,2018,21
1166,2017,22,2018,22
1166,2017,23,2018,23
1166,2017,24,2018,24
1166,2017,25,2018,25
1166,2017,26,2018,26
1166,2017,27,2018,27
1166,2017,28,2018,28
1166,2017,29,2018,29
1166,2017,30,2018,30
1166,2017,31,2018,31
1166,2017,32,2018,32
1166,2017,33,2018,33
1166,2017,34,2018,34
1166,2017,35,2018,35
1166,2017,36,2018,36
1166,2017,37,2018,37
1166,2017,38,2018,38
1166,2017,39,2018,39
1166,2017,40,2018,40
1166,2017,41,2018,41
1166,2017,42,2018,42
1166,2017,43,2018,43
1166,2017,44,2018,44
1166,2017,45,2018,45
1166,2017,46,2018,46
1166,2017,47,2018,47
1166,2017,48,2018,48
1166,2017,49,2018,49
1166,2017,50,2018,50
1166,2017,51,2018,51
1166,2017,52,2018,52
1166,2017,53,2018,53
1166,2017,54,2018,54
1166,2017,55,2018,55
1166,2017,56,2018,56
1166,2017,57,2018,57
1166,2017,58,2018,58
1166,2017,59,2018,59
1166,2017,60,2018,60
1166,2017,61,2018,61
1166,2017,62,2018,62
1166,2017,63,2018,63
1166,2017,64,2018,64
1166,2017,65,2018,65
1166,2017,66,2018,66
1166,2017,67,2018,67
1166,2017,68,2018,68
1166,2017,69,2018,69
1166,2017,70,2018,70
1166,2017,71,2018,71
1166,2017,72,2018,72
1166,2017,73,2018,73
1166,2017,74,2018,74
1166,2017,75,2018,75
1166,2017,76,2018,76
1166,2017,77,2018,77
1166,2017,78,2018,78
1166,2017,79,2018,79
1166,2017,80,2018,80
1166,2017,81,2018,81
1166,2017,82,2018,82
1166,2017,83,2018,83
1166,2017,84,2018,84
1166,2017,85,2018,85
1166,2017,86,2018,86
1166,2017,87,2018,87
1166,2017,88,2018,88
1166,2017,89,2018,89
1166,2017,90,2018,90
1166,2017,91,2018,91
1166,2017,92,2018,92
1166,2017,93,2018,93
1166,2017,94,2018,94
1166,2017,95,2018,95
1166,2017,96,2018,96
1166,2017,97,2018,97
1166,2017,98,2018,98
1166,2017,99,2018,99
1166,2017,100,2018,100
1166,2017,101,2018,101
1166,2017,102,2018,102
1166,2017,103,2018,103
1166,2017,104,2018,104
1166,2017,105,2018,105
1166,2017,106,2018,106
1166,2017,107,2018,107
1166,2017,108,2018,108
1166,2017,109,2018,109
1166,2017,110,2018,110
1166,2017,111,2018,111
1166,2017,112,2018,112
1166,2017,113,2018,113
1166,2017,114,2018,114
1166,2017,115,2018,115
1166,2017,116,2018,116
1166,2017,117,2018,117
1166,2017,118,2018,118
1166,2017,119,2018,119
1166,2017,120,2018,120
1166,2017,121,2018,121
1166,2017,122,2018,122
1166,2017,123,2018,123
1166,2017,124,2018,124
1166,2017,125,2018,125
1166,2017,126,2018,126
1166,2017,127,2018,127
1166,2017,128,2018,128
1166,2017,129,2018,129
1166,2017,130,2018,130
1166,2017,131,2018,131
1166,2017,132,2018,132
1166,2018,1,2019,1
1166,2018,2,2019,2
1166,2018,3,2019,3
1166,2018,4,2019,4
1166,2018,5,2019,5
1166,2018,6,2019,6
1166,2018,7,2019,7
1166,2018,8,2019,8
1166,2018,9,2019,9
1166,2018,10,2019,10
1166,2018,11,2019,11
1166,2018,12,2019,12
1166,2018,13,2019,13
1166,2018,14,2019,14
1166,2018,15,2019,15
1166,2018,16,2019,16
1166,2018,17,2019,17
1166,2018,18,2019,18
1166,2018,19,2019,19
1166,2018,20,2019,20
1166,2018,21,2019,21
1166,2018,22,2019,22
1166,2018,23,2019,23
1166,2018,24,2019,24
1166,2018,25,2019,25
1166,2018,26,2019,26
1166,2018,27,2019,27
1166,2018,28,2019,28
1166,2018,29,2019,29
1166,2018,30,2019,30
1166,2018,31,2019,31
1166,2018,32,2019,32
1166,2018,33,2019,33
1166,2018,34,2019,34
1166,2018,35,2019,35
1166,2018,36,2019,36
1166,2018,37,2019,37
1166,2018,38,2019,38
1166,2018,39,2019,39
1166,2018,40,2019,40
1166,2018,41,2019,41
1166,2018,42,2019,42
1166,2018,43,2019,43
1166,2018,44,2019,44
1166,2018,45,2019,45
1166,2018,46,2019,46
1166,2018,47,2019,47
1166,2018,48,2019,48
1166,2018,49,2019,49
1166,2018,50,2019,50
1166,2018,51,2019,51
1166,2018,52,2019,52
1166,2018,53,2019,53
1166,2018,54,2019,54
1166,2018,55,2019,55
1166,2018,56,2019,56
1166,2018,57,2019,57
1166,2018,58,2019,58
1166,2018,59,2019,59
1166,2018,60,2019,60
1166,2018,61,2019,61
1166,2018,62,2019,62
1166,2018,63,2019,63
1166,2018,64,2019,64
1166,2018,65,2019,65
1166,2018,66,2019,66
1166,2018,67,2019,67
1166,2018,68,2019,68
1166,2018,69,2019,69
1166,2018,70,2019,70
1166,2018,71,2019,71
1166,2018,72,2019,72
1166,2018,73,2019,73
1166,2018,74,2019,74
1166,2018,75,2019,75
1166,2018,76,2019,76
1166,2018,77,2019,77
1166,2018,78,2019,78
1166,2018,79,2019,79
1166,2018,80,2019,80
1166,2018,81,2019,81
1166,2018,82,2019,82
1166,2018,83,2019,83
1166,2018,84,2019,84
1166,2018,85,2019,85
1166,2018,86,2019,86
1166,2018,87,2019,87
1166,2018,88,2019,88
1166,2018,89,2019,89
1166,2018,90,2019,90
1166,2018,91,2019,91
1166,2018,92,2019,92
1166,2018,93,2019,93
1166,2018,94,2019,94
1166,2018,95,2019,95
1166,2018,96,2019,96
1166,2018,97,2019,97
1166,2018,98,2019,98
1166,2018,99,2019,99
1166,2018,100,2019,100
1166,2018,101,2019,101
1166,2018,102,2019,102
1166,2018,103,2019,103
1166,2018,104,2019,104
1166,2018,105,2019,105
1166,2018,106,2019,106
1166,2018,107,2019,107
1166,2018,108,2019,108
1166,2018,109,2019,109
1166,2018,110,2019,110
1166,2018,111,2019,111
1166,2018,112,2019,112
1166,2018,113,2019,113
1166,2018,114,2019,114
1166,2018,115,2019,115
1166,2018,116,2019,116
1166,2018,117,2019,117
1166,2018,118,2019,118
1166,2018,119,2019,119
1166,2018,120,2019,120
1166,2018,121,2019,121
1166,2018,122,2019,122
1166,2018,123,2019,123
1166,2018,124,2019,124
1166,2018,125,2019,125
1166,2018,126,2019,126
1166,2018,127,2019,127
1166,2018,128,2019,128
1166,2018,129,2019,129
1166,2018,130,2019,130
1166,2018,131,2019,131
1166,2018,132,2019,132
1166,2019,1,2020,1
1166,2019,2,2020,2
1166,2019,3,2020,3
1166,2019,4,2020,4
1166,2019,5,2020,5
1166,2019,6,2020,6
1166,2019,7,2020,7
1166,2019,8,2020,8
1166,2019,9,2020,9
1166,2019,10,2020,10
1166,2019,11,2020,11
1166,2019,12,2020,12
1166,2019,13,2020,13
1166,2019,14,2020,14
1166,2019,15,2020,15
1166,2019,16,2020,16
1166,2019,17,2020,17
1166,2019,18,2020,18
1166,2019,19,2020,19
1166,2019,20,2020,20
1166,2019,21,2020,21
1166,2019,22,2020,22
1166,2019,23,2020,23
1166,2019,24,2020,24
1166,2019,25,2020,25
1166,2019,26,2020,26
1166,2019,27,2020,27
1166,2019,28,2020,28
1166,2019,29,2020,29
1166,2019,30,2020,30
1166,2019,31,2020,31
1166,2019,32,2020,32
1166,2019,33,2020,33
1166,2019,34,2020,34
1166,2019,35,2020,35
1166,2019,36,2020,36
1166,2019,37,2020,37
1166,2019,38,2020,38
1166,2019,39,2020,39
1166,2019,40,2020,40
1166,2019,41,2020,41
1166,2019,42,2020,42
1166,2019,43,2020,43
1166,2019,44,2020,44
1166,2019,45,2020,45
1166,2019,46,2020,46
1166,2019,47,2020,47
1166,2019,48,2020,48
1166,2019,49,2020,49
1166,2019,50,2020,50
1166,2019,51,2020,51
1166,2019,52,2020,52
1166,2019,53,2020,53
1166,2019,54,2020,54
1166,2019,55,2020,55
1166,2019,56,2020,56
1166,2019,57,2020,57
1166,2019,58,2020,58
1166,2019,59,2020,59
1166,2019,60,2020,60
1166,2019,61,2020,61
1166,2019,62,2020,62
1166,2019,63,2020,63
1166,2019,64,2020,64
1166,2019,65,2020,65
1166,2019,66,2020,66
1166,2019,67,2020,67
1166,2019,68,2020,68
1166,2019,69,2020,69
1166,2019,70,2020,70
1166,2019,71,2020,71
1166,2019,72,2020,72
1166,2019,73,2020,73
1166,2019,74,2020,74
1166,2019,75,2020,75
1166,2019,76,2020,76
1166,2019,77,2020,77
1166,2019,78,2020,78
1166,2019,79,2020,79
1166,2019,80,2020,80
1166,2019,81,2020,81
1166,2019,82,2020,82
1166,2019,83,2020,83
1166,2019,84,2020,84
1166,2019,85,2020,85
1166,2019,86,2020,86
1166,2019,87,2020,87
1166,2019,88,2020,88
1166,2019,89,2020,89
1166,2019,90,2020,90
1166,2019,91,2020,91
1166,2019,92,2020,92
1166,2019,93,2020,93
1166,2019,94,2020,94
1166,2019,95,2020,95
1166,2019,96,2020,96
1166,2019,97,2020,97
1166,2019,98,2020,98
1166,2019,99,2020,99
1166,2019,100,2020,100
1166,2019,101,2020,101
1166,2019,102,2020,102
1166,2019,103,2020,103
1166,2019,104,2020,104
1166,2019,105,2020,105
1166,2019,106,2020,106
1166,2019,107,2020,107
1166,2019,108,2020,108
1166,2019,109,2020,109
1166,2019,110,2020,110
1166,2019,111,2020,111
1166,2019,112,2020,112
1166,2019,113,2020,113
1166,2019,114,2020,114
1166,2019,115,2020,115
1166,2019,116,2020,116
1166,2019,117,2020,117
1166,2019,118,2020,118
1166,2019,119,2020,119
1166,2019,120,2020,120
1166,2019,121,2020,121
1166,2019,122,2020,122
1166,2019,123,2020,123
1166,2019,124,2020,124
1166,2019,125,2020,125
1166,2019,126,2020,126
1166,2019,127,2020,127
1166,2019,128,2020,128
1166,2019,129,2020,129
1166,2019,130,2020,130
1166,2019,131,2020,131
1166,2019,132,2020,132
1166,2020,1,2022,1
1166,2020,2,2022,2
1166,2020,3,2022,3
1166,2020,4,2022,4
1166,2020,5,2022,5
1166,2020,6,2022,6
1166,2020,7,2022,7
1166,2020,8,2022,8
1166,2020,9,2022,9
1166,2020,10,2022,10
1166,2020,11,2022,11
1166,2020,12,2022,12
1166,2020,13,2022,13
1166,2020,14,2022,14
1166,2020,15,2022,15
1166,2020,16,2022,16
1166,2020,17,2022,17
1166,2020,18,2022,18
1166,2020,19,2022,19
1166,2020,20,2022,20
1166,2020,21,2022,21
1166,2020,22,2022,22
1166,2020,23,2022,23
1166,2020,24,2022,24
1166,2020,25,2022,25
1166,2020,26,2022,26
1166,2020,27,2022,27
1166,2020,28,2022,28
1166,2020,29,2022,29
1166,2020,30,2022,30
1166,2020,31,2022,31
1166,2020,32,2022,32
1166,2020,33,2022,33
1166,2020,34,2022,34
1166,2020,35,2022,35
1166,2020,36,2022,36
1166,2020,37,2022,37
1166,2020,38,2022,38
1166,2020,39,2022,39
1166,2020,40,2022,40
1166,2020,41,2022,41
1166,2020,42,2022,42
1166,2020,43,2022,43
1166,2020,44,2022,44
1166,2020,45,2022,45
1166,2020,46,2022,46
1166,2020,47,2022,47
1166,2020,48,2022,48
1166,2020,49,2022,49
1166,2020,50,2022,50
1166,2020,51,2022,51
1166,2020,52,2022,52
1166,2020,53,2022,53
1166,2020,54,2022,54
1166,2020,55,2022,55
1166,2020,56,2022,56
1166,2020,57,2022,57
1166,2020,58,2022,58
1166,2020,59,2022,59
1166,2020,60,2022,60
1166,2020,61,2022,61
1166,2020,62,2022,62
1166,2020,63,2022,63
1166,2020,64,2022,64
1166,2020,65,2022,65
1166,2020,66,2022,66
1166,2020,67,2022,67
1166,2020,68,2022,68
1166,2020,69,2022,69
1166,2020,70,2022,70
1166,2020,71,2022,71
1166,2020,72,2022,72
1166,2020,73,2022,73
1166,2020,74,2022,74
1166,2020,75,2022,75
1166,2020,76,2022,76
1166,2020,77,2022,77
1166,2020,78,2022,78
1166,2020,79,2022,79
1166,2020,80,2022,80
1166,2020,81,2022,81
1166,2020,82,2022,82
1166,2020,83,2022,83
1166,2020,84,2022,84
1166,2020,85,2022,85
1166,2020,86,2022,86
1166,2020,87,2022,87
1166,2020,88,2022,88
1166,2020,89,2022,89
1166,2020,90,2022,90
1166,2020,91,2022,92
1166,2020,92,2022,93
1166,2020,93,2022,94
1166,2020,94,2022,95
1166,2020,95,2022,96
1166,2020,96,2022,97
1166,2020,97,2022,98
1166,2020,98,2022,99
1166,2020,99,2022,100
1166,2020,100,2022,101
1166,2020,101,2022,102
1166,2020,102,2022,103
1166,2020,103,2022,104
1166,2020,104,2022,105
1166,2020,105,2022,106
1166,2020,106,2022,107
1166,2020,107,2022,108
1166,2020,108,2022,109
1166,2020,109,2022,110
1166,2020,110,2022,111
1166,2020,111,2022,112
1166,2020,112,2022,113
1166,2020,113,2022,114
1166,2020,114,2022,115
1166,2020,115,2022,116
1166,2020,116,2022,117
1166,2020,117,2022,118
1166,2020,118,2022,119
1166,2020,119,2022,120
1166,2020,120,2022,121
1166,2020,121,2022,122
1166,2020,122,2022,123
1166,2020,123,2022,124
1166,2020,124,2022,125
1166,2020,125,2022,126
1166,2020,126,2022,127
1166,2020,127,2022,128
1166,2020,128,2022,129
1166,2020,129,2022,130
1166,2020,130,2022,131
1166,2020,131,2022,132
1166,2020,132,2022,133
1166,2022,1,2023,1
1166,2022,2,2023,2
1166,2022,3,2023,3
1166,2022,4,2023,4
1166,2022,5,2023,5
1166,2022,6,2023,6
1166,2022,7,2023,7
1166,2022,8,2023,8
1166,2022,9,2023,9
1166,2022,10,2023,10
1166,2022,11,2023,11
1166,2022,12,2023,12
1166,2022,13,2023,13
1166,2022,14,2023,14
1166,2022,15,2023,15
1166,2022,16,2023,16
1166,2022,17,2023,17
1166,2022,18,2023,18
1166,2022,20,2023,19
1166,2022,21,2023,20
1166,2022,22,2023,21
1166,2022,23,2023,22
1166,2022,24,2023,23
1166,2022,25,2023,24
1166,2022,26,2023,25
1166,2022,28,2023,26
1166,2022,29,2023,27
1166,2022,30,2023,28
1166,2022,31,2023,29
1166,2022,32,2023,30
1166,2022,33,2023,31
1166,2022,34,2023,32
1166,2022,35,2023,33
1166,2022,36,2023,34
1166,2022,37,2023,35
1166,2022,38,2023,36
1166,2022,39,2023,37
1166,2022,40,2023,38
1166,2022,41,2023,39
1166,2022,42,2023,40
1166,2022,43,2023,41
1166,2022,44,2023,42
1166,2022,45,2023,43
1166,2022,46,2023,44
1166,2022,47,2023,45
1166,2022,48,2023,46
1166,2022,49,2023,47
1166,2022,50,2023,48
1166,2022,51,2023,49
1166,2022,52,2023,50
1166,2022,53,2023,51
1166,2022,54,2023,52
1166,2022,55,2023,53
1166,2022,56,2023,54
1166,2022,57,2023,55
1166,2022,58,2023,56
1166,2022,59,2023,57
1166,2022,60,2023,58
1166,2022,61,2023,59
1166,2022,62,2023,60
1166,2022,63,2023,61
1166,2022,64,2023,62
1166,2022,65,2023,63
1166,2022,66,2023,64
1166,2022,67,2023,65
1166,2022,68,2023,66
1166,2022,69,2023,67
1166,2022,70,2023,68
1166,2022,71,2023,69
1166,2022,72,2023,70
1166,2022,73,2023,71
1166,2022,74,2023,72
1166,2022,75,2023,73
1166,2022,76,2023,74
1166,2022,77,2023,75
1166,2022,78,2023,76
1166,2022,79,2023,77
1166,2022,80,2023,78
1166,2022,81,2023,79
1166,2022,82,2023,80
1166,2022,83,2023,81
1166,2022,84,2023,82
1166,2022,85,2023,83
1166,2022,86,2023,84
1166,2022,87,2023,85
1166,2022,88,2023,86
1166,2022,89,2023,87
1166,2022,90,2023,88
1166,2022,91,2023,89
1166,2022,92,2023,90
1166,2022,93,2023,91
1166,2022,94,2023,92
1166,2022,95,2023,93
1166,2022,96,2023,94
1166,2022,97,2023,95
1166,2022,98,2023,96
1166,2022,99,2023,97
1166,2022,100,2023,98
1166,2022,101,2023,99
1166,2022,102,2023,100
1166,2022,103,2023,101
1166,2022,104,2023,102
1166,2022,105,2023,103
1166,2022,106,2023,104
1166,2022,107,2023,105
1166,2022,108,2023,106
1166,2022,109,2023,107
1166,2022,110,2023,108
1166,2022,111,2023,109
1166,2022,112,2023,110
1166,2022,113,2023,111
1166,2022,114,2023,112
1166,2022,115,2023,113
1166,2022,116,2023,114
1166,2022,117,2023,115
1166,2022,118,2023,116
1166,2022,119,2023,117
1166,2022,120,2023,118
1166,2022,121,2023,119
1166,2022,122,2023,120
1166,2022,123,2023,121
1166,2022,124,2023,122
1166,2022,125,2023,123
1166,2022,126,2023,124
1166,2022,127,2023,125
1166,2022,128,2023,126
1166,2022,129,2023,127
1166,2022,130,2023,128
1166,2022,131,2023,129
1166,2022,132,2023,130
1166,2022,133,2023,131